[
    {
      "name": "Season Cheriyan",
      "fields": "Embedded",
      "image": "./images/defaultImages.jpg",
      "link": ""
    },
    {
      "name": "Ashwin Nambiar",
      "fields": "SCADA",
      "image": "./images/defaultImages.jpg",
      "link": ""
    },
    {
      "name": "Hariprasad KV",
      "fields": "wireless, automotive",
      "image": "./images/defaultImages.jpg",
      "link": ""
    },
    {
      "name": "Vivek NJ",
      "fields": "wireless, automotive",
      "image": "./images/defaultImages.jpg",
      "link": ""
    },
    {
      "name": "K M Keethana",
      "fields": "wireless, automotive",
      "image": "./images/defaultImages.jpg",
      "link": ""
    },
    {
      "name": "Arya Sudharshan",
      "fields": "Embedded",
      "image": "./images/defaultImages.jpg",
      "link": ""
    },
    {
      "name": "Aathira Dineshan",
      "fields": "Firmware",
      "image": "./images/defaultImages.jpg",
      "link": ""
    },
    {
      "name": "Amita Deep",
      "fields": "Firmware",
      "image": "./images/defaultImages.jpg",
      "link": ""
    },
    {
      "name": "Sai Ganesh K",
      "fields": "Firmware",
      "image": "./images/defaultImages.jpg",
      "link": ""
    },
    {
      "name": "Sai Ganesh K",
      "fields": "Firmware",
      "image": "./images/defaultImages.jpg",
      "link": ""
    }
  ]
  