[
  {
    "name": "Season Cheriyan",
    "fields": "Embedded",
    "image": "http://bi0shardware.com/images/CopyofSeasonCherian.jpg",
    "link": ""
  },
  {
    "name": "Ashwin Nambiar",
    "fields": "SCADA",
    "image": "http://bi0shardware.com/images/CopyofAshwinNambiar.jpeg",
    "link": ""
  },
  {
    "name": "Hariprasad KV",
    "fields": "wireless, automotive",
    "image": "http://bi0shardware.com/images/CopyofHariprasadKV.jpeg",
    "link": ""
  },
  {
    "name": "Vivek NJ",
    "fields": "wireless, automotive",
    "image": "http://bi0shardware.com/images/VivekNJ.jpeg",
    "link": ""
  },
  {
    "name": "K M Keethana",
    "fields": "wireless, automotive",
    "image": "http://bi0shardware.com/images/K.M.Keerthana.jpeg",
    "link": ""
  },
  {
    "name": "Arya Sudharshan",
    "fields": "Embedded",
    "image": "http://bi0shardware.com/images/AryaSudarsan.jpeg",
    "link": ""
  },
  {
    "name": "Aathira Dineshan",
    "fields": "Firmware",
    "image": "http://bi0shardware.com/images/AathiraDineshan1.jpg",
    "link": ""
  },
  {
    "name": "Amita Deep",
    "fields": "Firmware",
    "image": "http://bi0shardware.com/images/AmithaDeep.jpeg",
    "link": ""
  },
  {
    "name": "Sai Ganesh K",
    "fields": "Firmware",
    "image": "http://bi0shardware.com/images/HariKrishnanJ.jpeg",
    "link": ""
  },
  {
    "name": "Sai Ganesh K",
    "fields": "Firmware",
    "image": "http://bi0shardware.com/images/KartheekLade.jpeg",
    "link": ""
  }
]
