[
  {
    "name": "K M Keethana",
    "fields": "wireless, automotive",
    "image": "http://bi0shardware.com/images/K.M.Keerthana.jpeg",
    "link": ""
  },
  {
    "name": "Ashwin Nambiar",
    "fields": "SCADA",
    "image": "http://bi0shardware.com/images/CopyofAshwinNambiar.jpeg",
    "link": ""
  },
  {
    "name": "Hariprasad KV",
    "fields": "wireless, automotive",
    "image": "http://bi0shardware.com/images/CopyofHariprasadKV.jpeg",
    "link": ""
  },
  {
    "name": "Arya Sudharshan",
    "fields": "Embedded",
    "image": "http://bi0shardware.com/images/AryaSudarsan.jpeg",
    "link": ""
  }
]
